{
  "version": 1,
  "author": "ParthaSarathi V",
  "editor": "wokwi",
  "parts": [
    { "type": "wokwi-esp32-devkit-v1", "id": "esp", "top": 5.33, "left": -102.67, "attrs": {} },
    {
      "type": "wokwi-buzzer",
      "id": "bz1",
      "top": -72.93,
      "left": 122.07,
      "attrs": { "volume": "0.1" }
    },
    { "type": "wokwi-led", "id": "led1", "top": -72, "left": 52.2, "attrs": { "color": "red" } },
    { "type": "wokwi-pir-motion-sensor", "id": "pir1", "top": -130, "left": -84.72, "attrs": {} },
    {
      "type": "wokwi-ntc-temperature-sensor",
      "id": "ntc1",
      "top": 355.02,
      "left": -217.55,
      "attrs": {}
    }
  ],
  "connections": [
    [ "esp:TX0", "$serialMonitor:RX", "", [] ],
    [ "esp:RX0", "$serialMonitor:TX", "", [] ],
    [ "bz1:2", "esp:D4", "green", [ "v0" ] ],
    [ "bz1:1", "esp:GND.1", "green", [ "v0" ] ],
    [ "pir1:GND", "esp:GND.1", "black", [ "v0" ] ],
    [ "esp:D2", "pir1:OUT", "green", [ "h0" ] ],
    [ "pir1:VCC", "esp:3V3", "red", [ "v0" ] ],
    [ "ntc1:GND", "esp:GND.1", "black", [ "h0" ] ],
    [ "ntc1:VCC", "esp:3V3", "red", [ "h0" ] ],
    [ "ntc1:OUT", "esp:D15", "green", [ "h0" ] ],
    [ "led1:A", "esp:D5", "green", [ "v0" ] ],
    [ "led1:C", "esp:GND.1", "green", [ "v0" ] ]
  ],
  "dependencies": {}
}